Group;ID;Article;Name
поклейні станки леп;fa3cada7-3239-11e1-b8f3-1cc1dee862d0;03-036;HOLZMA 1 ЛЕП
поклейні станки леп;fa3cada8-3239-11e1-b8f3-1cc1dee862d0;03-002;HOLZMA 2 ЛЕП
поклейні станки леп;f3888e52-a632-11e1-bc48-0025904a3a00;03-031;HOLZMA 3 ЛЕП
поклейні станки леп;13e498e7-120c-11e3-a087-0025909a7a21;03-068;HOLZMA 4 ЛЕП
поклейні станки леп;c0526db3-6918-11e6-b307-005056b13af7;03-094;HOLZMA 5 ЛЕП
поклейні станки леп;aeb050b3-92bd-11e6-b307-005056b13af7;03-099;HOLZMA 6 ЛЕП
поклейні станки леп;b38f8016-19fc-11e7-9378-005056b13af7;00-003;HOLZMA 7 ЛЕП
поклейні станки леп;cc07b51b-a8ca-11e7-b70a-005056b13af7;00-018;HOLZMA 8 ЛЕП
поклейні станки леп;89b56d56-86a4-11e9-b4e4-005056b13af7;00-133;SAWTEQ 11 ЛЕП
поклейні станки леп;9cdaa482-86a4-11e9-b4e4-005056b13af7;00-134;SAWTEQ 12 ЛЕП
поклейні станки леп;2dbf590b-9e25-11e9-b6c7-005056b13af7;00-137;SAWTEQ 13 ЛЕП
поклейні станки леп;3e96332d-9e25-11e9-b6c7-005056b13af7;00-138;SAWTEQ 14 ЛЕП
поклейні станки леп;72ef63fa-3a94-11e9-acd7-005056b13af7;00-104;SAWTEQ HPL 400 ЛЕП
поклейні станки леп;6af91243-dd1a-11e8-ae64-005056b13af7;00-092;SELKO 1 ЛЕП
2;36ea4e88-9f86-11e7-b70a-005056b13af7;00-017;HOMAG 10 ЛЕП
2;5ae87206-7ae2-11e9-b4e4-005056b13af7;00-129;HOMAG 11 ЛЕП
2;7102a8f8-7ae2-11e9-b4e4-005056b13af7;00-130;HOMAG 12 ЛЕП
2;8452c112-7ae2-11e9-b4e4-005056b13af7;00-131;HOMAG 13 ЛЕП
2;99fd1708-7ae2-11e9-b4e4-005056b13af7;00-132;HOMAG 14 ЛЕП
2;60359f2b-9e25-11e9-b6c7-005056b13af7;00-139;HOMAG 15 ЛЕП
2;7848670c-9e25-11e9-b6c7-005056b13af7;00-140;HOMAG 16 ЛЕП
2;8c7a918b-9e25-11e9-b6c7-005056b13af7;00-141;HOMAG 17 ЛЕП
2;70aea4e5-a70d-11e9-8122-005056b82fd7;00-153;HOMAG 18 ЛЕП
2;60f284d1-3c1f-11e5-9ab4-0025909a7a20;03-077;HOMAG 4 ЛЕП
2;edd6a764-9a79-11e5-833d-000c29430d3b;03-083;HOMAG 5 ЛЕП
2;d16344e0-cca4-11e5-b8f4-005056b18742;03-086;HOMAG 6 ЛЕП
2;da9ee2fc-cca4-11e5-b8f4-005056b18742;03-087;HOMAG 7 ЛЕП
2;cf913a26-8d35-11e6-b307-005056b13af7;03-096;HOMAG 8 ЛЕП
2;fbacf283-8d35-11e6-b307-005056b13af7;03-097;HOMAG 9 ЛЕП
2;dca9db12-f9a0-11e6-b776-005056b13af7;00-002;HOMAG AIRTEC 3 ЛЕП
2;13e498e5-120c-11e3-a087-0025909a7a21;03-066;HOMAG PUR 1 ЛЕП
2;72c7c369-1d10-11e2-876e-0025904a3a00;03-039;HOMAG PUR 2 ЛЕП
2;89def707-8f0b-11e8-a336-005056b13af7;00-069;MDS 1 ЛЕП
2;3692b598-cbce-11e8-84b3-005056b13af7;00-089;MDS 2 ЛЕП
2;888f9623-db4d-11e8-ae64-005056b13af7;00-091;MDS 3 ЛЕП
3;1bb3bf93-ab0e-11e6-9151-005056b13af7;03-108;BHX 1 ЛЕП
3;02df2d90-f318-11e8-ae64-005056b13af7;00-095;BHX 10 ЛЕП
3;325b031d-0f25-11e9-ae16-005056b13af7;00-097;BHX 11 ЛЕП
3;11959360-a2df-11e9-b6c7-005056b13af7;00-152;BHX 12 ЛЕП
3;31470609-ab0e-11e6-9151-005056b13af7;03-109;BHX 2 ЛЕП
3;bcdc8ec1-9ea0-11e7-b70a-005056b13af7;00-016;BHX 3 ЛЕП
3;aecfd313-4205-11e8-9c15-005056b13af7;00-044;BHX 4 ЛЕП
3;5aa8fac7-a44f-11e8-9e78-005056b13af7;00-072;BHX 5 ЛЕП
3;6cb16bc3-b58d-11e8-9e78-005056b13af7;00-076;BHX 6 ЛЕП
3;7d8cbabf-b58d-11e8-9e78-005056b13af7;00-077;BHX 7 ЛЕП
3;ab6d0991-d921-11e8-ae64-005056b13af7;00-090;BHX 8 ЛЕП
3;ed241b93-f317-11e8-ae64-005056b13af7;00-094;BHX 9 ЛЕП
3;cd77d470-3c1f-11e5-9ab4-0025909a7a20;03-078;BIESSE ECO ЛЕП
3;f44ae30b-adfa-11e5-850f-0025909a7a21;03-085;BIESSE ECO ЛЕП2
3;e7579a47-d649-11e5-b8f4-005056b18742;03-088;BIESSE ECO ЛЕП3
4;fa3cadac-3239-11e1-b8f3-1cc1dee862d0;03-007;ALTENDORF 1 ЛЕП
4;9f326eed-af0d-11e1-bc48-0025904a3a00;03-033;ALTENDORF 2 ЛЕП
4;dd82996e-32bd-11e1-b8f3-1cc1dee862d0;03-012;ALTENDORF 3 ЛЕП
5;c7abfa94-82db-11e5-8316-000c29430d3b;03-082;ROVER 2 ЛЕП
5;6a823dc4-9ce0-11e6-927e-005056b13af7;03-106;ROVER 4 ЛЕП
5;dcb4a4de-7eb1-11e8-a336-005056b13af7;00-050;ROVER 5 ЛЕП
5;fa3cadad-3239-11e1-b8f3-1cc1dee862d0;03-008;VENTURA ЛЕП
6;fa3cadae-3239-11e1-b8f3-1cc1dee862d0;03-009;КРИВОЛИНЕЙНЫЙ 1 ЛЕП R-18
6;f3888e56-a632-11e1-bc48-0025904a3a00;03-032;КРИВОЛИНЕЙНЫЙ 2 ЛЕП R-17
6;1682a38f-31ae-11e4-9b3e-000c29430d31;03-072;КРИВОЛИНЕЙНЫЙ 3 ЛЕП VITAP
6;cd63f06b-9e25-11e9-b6c7-005056b13af7;00-142;КРИВОЛИНЕЙНЫЙ 5 ЛЕП R-17
